Ano de Cobertura,Grupo Numero,Grupo Descripcion ,Montos Pagados,Distribucion Porcentual 
2007,0.0,Total de Montos Pagados  2007,947776336.17,1.0
2007,1.0,Prevención y Promoción,70378983.09,0.07425695325376463
2007,2.0,Atención Ambulatoria,130565459.56,0.13775978000001557
2007,3.0,Servicios Odontológicos,337347.34,0.0003559356011812169
2007,4.0,Emergencia,115022314.15,0.12136018780001359
2007,5.0,Hospitalización,271050509.39,0.2859857321246544
2007,6.0,Partos,58823431.2,0.06206467597377216
2007,7.0,Cirugía,75251518.17,0.07939797112269571
2007,8.0,Apoyo Diagnóstico (Dx) en Internamiento y Ambulatoria,192427075.73,0.2030300487429398
2007,9.0,Atenciones de Alto Costo y de Máximo Nivel de Complejidad,24191873.89,0.025524876457414285
2007,10.0,Rehabilitación,572051.12,0.0006035718535785354
2007,11.0,Hemoterapia,11632.0,1.2272937776654513e-05
2007,12.0,Medicamentos Ambulatorios,9144140.53,0.009647994132193485
2008,0.0,Total de Montos Pagados  2008,4705971507.429999,1.0
2008,1.0,Prevención y Promoción,422202160.89,0.08971625948508363
2008,2.0,Atención Ambulatoria,398849319.32,0.08475387466547105
2008,3.0,Servicios Odontológicos,11247928.9,0.0023901396092690457
2008,4.0,Emergencia,432656467.44,0.09193775753994739
2008,5.0,Hospitalización,1072585981.28,0.22792020299879695
2008,6.0,Partos,358223601.54,0.07612107318848414
2008,7.0,Cirugía,630739396.73,0.13402958257060424
2008,8.0,Apoyo Diagnóstico (Dx) en Internamiento y Ambulatoria,928517602.36,0.1973062524696579
2008,9.0,Atenciones de Alto Costo y de Máximo Nivel de Complejidad,190848334.44,0.040554502750108044
2008,10.0,Rehabilitación,28176028.71,0.005987292669646304
2008,11.0,Hemoterapia,472662.94,0.00010043897190064548
2008,12.0,Medicamentos Ambulatorios,231452022.88,0.0491826230810308
2009,0.0,Total de Montos Pagados  2009,7798229637.840001,1.0
2009,1.0,Prevención y Promoción,445000390.32,0.05706428394474144
2009,2.0,Atención Ambulatoria,571919202.81,0.07333962057680742
2009,3.0,Servicios Odontológicos,40809746.33,0.0052332065385681205
2009,4.0,Emergencia,615067442.72,0.07887270204707193
2009,5.0,Hospitalización,1657885769.68,0.21259771084904994
2009,6.0,Partos,681355376.6,0.08737308443621644
2009,7.0,Cirugía,1351958364.56,0.1733673445572543
2009,8.0,Apoyo Diagnóstico (Dx) en Internamiento y Ambulatoria,1570109145.06,0.20134174267467428
2009,9.0,Atenciones de Alto Costo y de Máximo Nivel de Complejidad,443470669.33,0.05686812134617198
2009,10.0,Rehabilitación,39160532.31,0.005021720842892094
2009,11.0,Hemoterapia,1339643.81,0.0001717881970927779
2009,12.0,Medicamentos Ambulatorios,380153354.31,0.04874867398945911
2010,0.0,Total de Montos Pagados  2010,13068750094.59,1.0
2010,1.0,Prevención y Promoción,255818837.77,0.019574851146315818
2010,2.0,Atención Ambulatoria,1040022436.84,0.07958086498803986
2010,3.0,Servicios Odontológicos,138824145.9,0.010622603148365986
2010,4.0,Emergencia,1030160535.34,0.07882624794902536
2010,5.0,Hospitalización,3338744528.18,0.2554754283320577
2010,6.0,Partos,902801003.46,0.06908089885609854
2010,7.0,Cirugía,2242608614.71,0.17160084923793598
2010,8.0,Apoyo Diagnóstico (Dx) en Internamiento y Ambulatoria,2519230212.57,0.19276749454508832
2010,9.0,Atenciones de Alto Costo y de Máximo Nivel de Complejidad,929517427.31,0.07112519717511373
2010,10.0,Rehabilitación,81636974.78,0.00624673164526995
2010,11.0,Hemoterapia,3359824.15,0.00025708840751273134
2010,12.0,Medicamentos Ambulatorios,586025553.58,0.04484174456917604
2011,0.0,Total de Montos Pagados  2011,17388570178.63,1.0
2011,1.0,Prevención y Promoción,377071420.19,0.021685015864812668
2011,2.0,Atención Ambulatoria,1175535340.09,0.0676039103856104
2011,3.0,Servicios Odontológicos,286660098.78000003,0.016485547450721172
2011,4.0,Emergencia,1202167913.47,0.06913552414720252
2011,5.0,Hospitalización,4538735984.33,0.26101835502886617
2011,6.0,Partos,1124198603.7,0.06465158389397677
2011,7.0,Cirugía,2948580833.7,0.16957005684824575
2011,8.0,Apoyo Diagnóstico (Dx) en Internamiento y Ambulatoria,3272459090.44,0.1881959848810196
2011,9.0,Atenciones de Alto Costo y de Máximo Nivel de Complejidad,1431090138.19,0.0823006218158618
2011,10.0,Rehabilitación,122728535.74,0.007058000426672773
2011,11.0,Hemoterapia,6584320.6,0.0003786579651092831
2011,12.0,Medicamentos Ambulatorios,902757899.4,0.05191674129190108
2012,0.0,Total de Montos Pagados  2012,19639660124.11,1.0
2012,1.0,Prevención y Promoción,431503875.91999996,0.021971045995357017
2012,2.0,Atención Ambulatoria,1361565058.78,0.06932732288521216
2012,3.0,Servicios Odontológicos,290551774.3,0.014794134545297625
2012,4.0,Emergencia,1493072278.02,0.07602332568816084
2012,5.0,Hospitalización,3921617067.2400002,0.19967845891720665
2012,6.0,Partos,1232493137.19,0.06275531905345802
2012,7.0,Cirugía,3675415190.37,0.18714250486738282
2012,8.0,Apoyo Diagnóstico (Dx) en Internamiento y Ambulatoria,3808719377.67,0.19393000457244916
2012,9.0,Atenciones de Alto Costo y de Máximo Nivel de Complejidad,2074126105.89,0.10560906312954803
2012,10.0,Rehabilitación,184598845.64,0.009399289217504488
2012,11.0,Hemoterapia,8018625.44,0.00040828738325039503
2012,12.0,Medicamentos Ambulatorios,1157978787.65,0.05896124374517278
2013,0.0,Total de Montos Pagados  2013,21239703083.99,1.0
2013,1.0,Prevención y Promoción,471428949.72,0.022195646890909332
2013,2.0,Atención Ambulatoria,1419881553.32,0.06685034850559064
2013,3.0,Servicios Odontológicos,348065077.9,0.016387473804300185
2013,4.0,Emergencia,1674701034.77,0.07884766694466416
2013,5.0,Hospitalización,3863484808.52,0.18189919102175237
2013,6.0,Partos,1276546863.62,0.06010191661211269
2013,7.0,Cirugía,3786608167.86,0.17827971289835298
2013,8.0,Apoyo Diagnóstico (Dx) en Internamiento y Ambulatoria,4322440656.71,0.20350758386863496
2013,9.0,Atenciones de Alto Costo y de Máximo Nivel de Complejidad,2322047568.9,0.10932580176463512
2013,10.0,Rehabilitación,232457363.29,0.010944473299404123
2013,11.0,Hemoterapia,8697171.75,0.00040947708711407214
2013,12.0,Medicamentos Ambulatorios,1513343867.63,0.07125070730252928
2014,0.0,Total de Montos Pagados  2014,25506334088.76,1.0
2014,1.0,Prevención y Promoción,509290375.38,0.019967211815218537
2014,2.0,Atención Ambulatoria,1502964242.72,0.05892513747721664
2014,3.0,Servicios Odontológicos,409765136.22,0.01606523049506253
2014,4.0,Emergencia,2139765624.3200002,0.08389153913195786
2014,5.0,Hospitalización,4524363048.15,0.17738194098789653
2014,6.0,Partos,1563462589.55,0.06129703249825222
2014,7.0,Cirugía,4444466063.13,0.1742495039727628
2014,8.0,Apoyo Diagnóstico (Dx) en Internamiento y Ambulatoria,5043547629.82,0.19773706453733642
2014,9.0,Atenciones de Alto Costo y de Máximo Nivel de Complejidad,3418572622.7599998,0.13402837941601647
2014,10.0,Rehabilitación,255098209.63,0.010001367062090486
2014,11.0,Hemoterapia,10530309.110000001,0.00041285074810654365
2014,12.0,Medicamentos Ambulatorios,1684508237.97,0.06604274185808304
2015,0.0,Total de Montos Pagados  2015,29102755348.109997,1.0
2015,1.0,Prevención y Promoción,616054558.87,0.02116825542808984
2015,2.0,Atención Ambulatoria,1738261351.07,0.059728411632436265
2015,3.0,Servicios Odontológicos,482357367.35,0.01657428520359415
2015,4.0,Emergencia,2462635897.59,0.0846186509879701
2015,5.0,Hospitalización,5001671528.73,0.17186247380713457
2015,6.0,Partos,1680144555.14,0.05773145996119961
2015,7.0,Cirugía,4878346052.0,0.16762488615418372
2015,8.0,Apoyo Diagnóstico (Dx) en Internamiento y Ambulatoria,5965387628.160001,0.20497673010014178
2015,9.0,Atenciones de Alto Costo y de Máximo Nivel de Complejidad,4116226353.33,0.14143768533577414
2015,10.0,Rehabilitación,334390720.07,0.011490002100152216
2015,11.0,Hemoterapia,14896191.66,0.0005118481560189246
2015,12.0,Medicamentos Ambulatorios,1812383144.1399999,0.062275311133304784
2016,0.0,Total de Montos Pagados 2016,33985935378.75,1.0
2016,1.0,Prevención y Promoción,625127374.9300001,0.018393708101995226
2016,2.0,Atención Ambulatoria,1991755774.98,0.05860529518411792
2016,3.0,Servicios Odontológicos,560106298.21,0.016480532077990453
2016,4.0,Emergencia,2935983197.8399997,0.08638818279151289
2016,5.0,Hospitalización,5062656087.23,0.14896327056501935
2016,6.0,Partos,1747731989.15,0.05142515483751507
2016,7.0,Cirugía,5823075180.79,0.1713377935871357
2016,8.0,Apoyo Diagnóstico (Dx) en Internamiento y Ambulatoria,6708973490.469999,0.19740440907990553
2016,9.0,Atenciones de Alto Costo y de Máximo Nivel de Complejidad,4962450780.12,0.14601483598485318
2016,10.0,Rehabilitación,446329122.89,0.013132759711214867
2016,11.0,Hemoterapia,19981281.63,0.0005879279592373223
2016,12.0,Medicamentos Ambulatorios,3101764800.51,0.09126613011950248
2017,0.0,Total de Montos Pagados 2017,38078018746.29,1.0
2017,1.0,Prevención y Promoción,613499326.85,0.01611163991849692
2017,2.0,Atención Ambulatoria,2310421123.5800004,0.06067598051710892
2017,3.0,Servicios Odontológicos,640884000.9599999,0.016830812685663752
2017,4.0,Emergencia,3112715570.39,0.08174573344085231
2017,5.0,Hospitalización,5119231637.63,0.13444059870181074
2017,6.0,Partos,1940391616.61,0.05095831349678757
2017,7.0,Cirugía,7065482612.13,0.1855527898971477
2017,8.0,Apoyo Diagnóstico (Dx) en Internamiento y Ambulatoria,7320308687.96,0.19224499931927863
2017,9.0,Atenciones de Alto Costo y de Máximo Nivel de Complejidad,5784367431.1,0.15190830882354087
2017,10.0,Rehabilitación,444336995.52,0.011669120667243025
2017,11.0,Hemoterapia,25765097.49,0.0006766396555889698
2017,12.0,Medicamentos Ambulatorios,3700614646.07,0.09718506287648059
2018,0.0,Total de Montos Pagados 2018,43805273097.159996,1.0
2018,1.0,Prevención y Promoción,782571351.72,0.01786477509189952
2018,2.0,Atención Ambulatoria,2733412888.46,0.06239917469290276
2018,3.0,Servicios Odontológicos,653430705.01,0.014916713418512246
2018,4.0,Emergencia,3443842521.02,0.07861707683870764
2018,5.0,Hospitalización,5322391867.0,0.12150116848250088
2018,6.0,Partos,2102040547.53,0.0479860162694952
2018,7.0,Cirugía,8091836660.45,0.1847228903813092
2018,8.0,Apoyo Diagnóstico (Dx) en Internamiento y Ambulatoria,8524543169.87,0.194600845221592
2018,9.0,Atenciones de Alto Costo y de Máximo Nivel de Complejidad,7253958692.400001,0.16559555915359178
2018,10.0,Rehabilitación,554764872.86,0.012664340012891434
2018,11.0,Hemoterapia,28030413.34,0.000639886738699896
2018,12.0,Medicamentos Ambulatorios,4314449407.5,0.09849155369789754
2019,0.0,Total de Montos Pagados 2019,50160923709.89,1.0
2019,1.0,Prevención y Promoción,1099255269.3799999,0.02191457389695686
2019,2.0,Atención Ambulatoria,3212369456.52,0.06404127394262144
2019,3.0,Servicios Odontológicos,688289160.76,0.013721620533560732
2019,4.0,Emergencia,3901753139.25,0.0777847146877941
2019,5.0,Hospitalización,6134210673.42,0.12229062424961974
2019,6.0,Partos,2148034112.84,0.0428228579932726
2019,7.0,Cirugía,9306765248.91,0.18553815521293973
2019,8.0,Apoyo Diagnóstico (Dx) en Internamiento y Ambulatoria,9914100644.69,0.19764589468146662
2019,9.0,Atenciones de Alto Costo y de Máximo Nivel de Complejidad,8172722604.57,0.16293006587832476
2019,10.0,Rehabilitación,675102510.98,0.013458733632668194
2019,11.0,Hemoterapia,29030451.09,0.000578746341632385
2019,12.0,Medicamentos Ambulatorios,4879290437.48,0.09727273894914285
2020,0.0,Total de Montos Pagados 2020,48886270479.03,1.0
2020,1.0,Prevención y Promoción,1087257543.93,0.02224055002102041
2020,2.0,Atención Ambulatoria,3447239287.4,0.07051548939244015
2020,3.0,Servicios Odontológicos,516649550.1,0.010568397732889428
2020,4.0,Emergencia,3151092463.9,0.06445761628004894
2020,5.0,Hospitalización,7197567474.349999,0.1472308565129228
2020,6.0,Partos,2125877636.7,0.04348618980071113
2020,7.0,Cirugía,8072646356.29,0.16513115599098116
2020,8.0,Apoyo Diagnóstico (Dx) en Internamiento y Ambulatoria,9346947914.29,0.19119781121980697
2020,9.0,Atenciones de Alto Costo y de Máximo Nivel de Complejidad,8581188080.65,0.17553370295103493
2020,10.0,Rehabilitación,485271826.59,0.009926546284567968
2020,11.0,Hemoterapia,28926570.99,0.0005917115522733155
2020,12.0,Medicamentos Ambulatorios,4845605773.839999,0.0991199722613028
2021,0.0,Total de Montos Pagados 2021,61187373883.84,1.0
2021,1.0,Prevención y Promoción,1272795760.18,0.020801607903557274
2021,2.0,Atención Ambulatoria,4326967369.360001,0.07071667069049979
2021,3.0,Servicios Odontológicos,620476863.3599999,0.010140602937755303
2021,4.0,Emergencia,3614389404.72,0.059070837254458226
2021,5.0,Hospitalización,8183387458.67,0.13374307376233527
2021,6.0,Partos,2186704225.65,0.03573783424340628
2021,7.0,Cirugía,11549085464.51,0.18874948754027493
2021,8.0,Apoyo Diagnóstico (Dx) en Internamiento y Ambulatoria,12520102773.74,0.2046190574792203
2021,9.0,Atenciones de Alto Costo y de Máximo Nivel de Complejidad,10091281639.18,0.16492424823359148
2021,10.0,Rehabilitación,756845599.96,0.012369310070355678
2021,11.0,Hemoterapia,35334524.78,0.0005774806555202084
2021,12.0,Medicamentos Ambulatorios,6024754207.35,0.09846401021863727
2021,13.0,Trasplante Renal,5248592.38,8.577901038805964e-05
2022,0.0,Total de Montos Pagados 2022,68824776011.17001,1.0
2022,1.0,Prevención y Promoción,1502454674.48,0.021830142596267324
2022,2.0,Atención Ambulatoria,4792768083.47,0.06963724927622214
2022,3.0,Servicios Odontológicos,685471934.42,0.009959668220478484
2022,4.0,Emergencia,4345528850.95,0.06313901915561246
2022,5.0,Hospitalización,7997499898.0,0.11620088522630331
2022,6.0,Partos,2627394990.94,0.03817513318915246
2022,7.0,Cirugía,14079268531.13,0.2045668630849592
2022,8.0,Apoyo Diagnóstico (Dx) en Internamiento y Ambulatoria,14062819280.08,0.20432786120215857
2022,9.0,Atenciones de Alto Costo y de Máximo Nivel de Complejidad,10685110089.18,0.15525092428118975
2022,10.0,Rehabilitación,921511454.91,0.013389240159102617
2022,11.0,Hemoterapia,35426310.06,0.0005147319339513787
2022,12.0,Medicamentos Ambulatorios,7009064720.78,0.10183926671468504
2022,13.0,Trasplante Renal,80457192.77,0.001169014959917081
2023,0.0,Total de Montos Pagados 2023,53052938906.899994,1.0
2023,1.0,Prevención y Promoción,1368526259.37,0.02579548442682053
2023,2.0,Atención Ambulatoria,3294837168.7799997,0.062104705915763656
2023,3.0,Servicios Odontológicos,565277618.0,0.010654972743206141
2023,4.0,Emergencia,3353624258.14,0.06321278947477559
2023,5.0,Hospitalización,6095991869.53,0.11490394302618291
2023,6.0,Partos,1860110456.53,0.03506140272067146
2023,7.0,Cirugía,10259563711.73,0.1933835132061959
2023,8.0,Apoyo Diagnóstico (Dx) en Internamiento y Ambulatoria,11634970168.39,0.21930868314020527
2023,9.0,Atenciones de Alto Costo y de Máximo Nivel de Complejidad,8679958914.2,0.1636093889055239
2023,10.0,Rehabilitación,796400406.69,0.015011428642766882
2023,11.0,Hemoterapia,22316221.03,0.0004206406184049793
2023,12.0,Medicamentos Ambulatorios,4933586195.09,0.09299364553107434
2023,13.0,Trasplante Renal,187775659.42,0.003539401648408551
